Position,Static Pressure
0.04038,6350000
0.06034,6230000
0.06837,5980000
0.07116,5770000
0.07408,5270000
0.08047,3050000
0.08564,2800000
0.08915,2800000
0.09212,2550000
0.09555,2320000
0.1004,1700000
0.11033,970000
0.17043,640000
0.22039,880000
0.27043,960000
0.311,970000
