Position,Static Pressure
0.04038,3740000
0.06034,3660000
0.06837,3460000
0.07116,3300000
0.07408,2920000
0.08047,1350000
0.08564,1200000
0.08915,1240000
0.09212,950000
0.09555,710000
0.1004,510000
0.11033,320000
0.17043,440000
0.22039,520000
0.27043,570000
0.311,580000
