Position,Static Pressure
0.04038,5010000
0.06034,4910000
0.06837,4680000
0.07116,4480000
0.07408,4030000
0.08047,2130000
0.08564,1940000
0.08915,1950000
0.09212,1380000
0.09555,950000
0.1004,990000
0.11033,880000
0.17043,680000
0.22039,850000
0.27043,910000
0.311,910000
