Position,Static Pressure
0.04038,2810000
0.06034,2770000
0.06837,2640000
0.07116,2540000
0.07408,2300000
0.08047,1330000
0.08564,1230000
0.08915,1190000
0.09212,860000
0.09555,620000
0.1004,430000
0.11033,280000
0.17043,280000
0.22039,350000
0.27043,370000
0.311,380000
