Position,Static Pressure
0.04038,4580000
0.06034,4540000
0.06837,4430000
0.07116,4350000
0.07408,4140000
0.08047,3260000
0.08564,3170000
0.08915,3170000
0.09212,2710000
0.09555,1800000
0.1004,1210000
0.11033,610000
0.17043,150000
0.22039,260000
0.27043,330000
0.311,360000
