Position,Static Pressure
0.04038,6140000
0.06034,5980000
0.06837,5610000
0.07116,5270000
0.07408,4540000
0.08047,1450000
0.08564,1140000
0.08915,1230000
0.09212,990000
0.09555,760000
0.1004,570000
0.11033,370000
0.17043,480000
0.22039,640000
0.27043,730000
0.311,740000
