Position,Static Pressure
0.04038,5180000
0.06034,5050000
0.06837,4750000
0.07116,4480000
0.07408,3880000
0.08047,1390000
0.08564,1150000
0.08915,1230000
0.09212,980000
0.09555,750000
0.1004,550000
0.11033,350000
0.17043,780000
0.22039,980000
0.27043,1010000
0.311,1010000
