Position,Static Pressure
0.04038,4520000
0.06034,4410000
0.06837,4160000
0.07116,3930000
0.07408,3440000
0.08047,1370000
0.08564,1170000
0.08915,1240000
0.09212,970000
0.09555,740000
0.1004,540000
0.11033,340000
0.17043,360000
0.22039,440000
0.27043,500000
0.311,520000
