Position,Static Pressure
0.04038,4810000
0.06034,4750000
0.06837,4640000
0.07116,4530000
0.07408,4290000
0.08047,3240000
0.08564,3120000
0.08915,3130000
0.09212,2840000
0.09555,1940000
0.1004,1330000
0.11033,670000
0.17043,170000
0.22039,300000
0.27043,370000
0.311,400000
