Position,Static Pressure
0.04038,6580000
0.06034,6430000
0.06837,6070000
0.07116,5770000
0.07408,5070000
0.08047,2080000
0.08564,1770000
0.08915,1850000
0.09212,1420000
0.09555,1010000
0.1004,700000
0.11033,450000
0.17043,480000
0.22039,660000
0.27043,750000
0.311,780000
