Position,Static Pressure
0.04038,760000
0.06034,760000
0.06837,730000
0.07116,720000
0.07408,670000
0.08047,470000
0.08564,430000
0.08915,390000
0.09212,300000
0.09555,240000
0.1004,190000
0.11033,180000
0.17043,200000
0.22039,200000
0.27043,200000
0.311,210000
