Position,Static Pressure
0.04038,3210000
0.06034,3160000
0.06837,3030000
0.07116,2930000
0.07408,2690000
0.08047,1630000
0.08564,1480000
0.08915,1360000
0.09212,1230000
0.09555,1260000
0.1004,1230000
0.11033,830000
0.17043,280000
0.22039,340000
0.27043,380000
0.311,400000
