Position,Static Pressure
0.04038,4450000
0.06034,4420000
0.06837,4330000
0.07116,4250000
0.07408,4080000
0.08047,3310000
0.08564,3230000
0.08915,3240000
0.09212,2430000
0.09555,1660000
0.1004,1100000
0.11033,550000
0.17043,600000
0.22039,750000
0.27043,780000
0.311,780000
