Position,Static Pressure
0.04038,4270000
0.06034,4240000
0.06837,4170000
0.07116,4100000
0.07408,3950000
0.08047,3240000
0.08564,2890000
0.08915,2790000
0.09212,2170000
0.09555,1480000
0.1004,980000
0.11033,480000
0.17043,130000
0.22039,240000
0.27043,300000
0.311,320000
