Position,Static Pressure
0.04038,4980000
0.06034,4910000
0.06837,4780000
0.07116,4660000
0.07408,4390000
0.08047,3200000
0.08564,3070000
0.08915,3070000
0.09212,2850000
0.09555,2030000
0.1004,1410000
0.11033,720000
0.17043,420000
0.22039,600000
0.27043,660000
0.311,670000
