Position,Static Pressure
0.04038,5280000
0.06034,5190000
0.06837,4970000
0.07116,4780000
0.07408,4350000
0.08047,2500000
0.08564,2310000
0.08915,2230000
0.09212,1790000
0.09555,1800000
0.1004,1570000
0.11033,910000
0.17043,300000
0.22039,390000
0.27043,470000
0.311,500000
