Position,Static Pressure
0.04038,1930000
0.06034,1890000
0.06837,1780000
0.07116,1680000
0.07408,1450000
0.08047,540000
0.08564,460000
0.08915,500000
0.09212,410000
0.09555,350000
0.1004,280000
0.11033,200000
0.17043,330000
0.22039,360000
0.27043,390000
0.311,400000
