Position,Static Pressure
0.04038,2390000
0.06034,2360000
0.06837,2260000
0.07116,2180000
0.07408,2000000
0.08047,1240000
0.08564,1120000
0.08915,1010000
0.09212,710000
0.09555,500000
0.1004,360000
0.11033,280000
0.17043,510000
0.22039,540000
0.27043,560000
0.311,570000
