Position,Static Pressure
0.04038,3580000
0.06034,3550000
0.06837,3470000
0.07116,3400000
0.07408,3240000
0.08047,2570000
0.08564,2490000
0.08915,2480000
0.09212,2370000
0.09555,1690000
0.1004,1130000
0.11033,570000
0.17043,200000
0.22039,260000
0.27043,300000
0.311,330000
