Position,Static Pressure
0.04038,4490000
0.06034,4420000
0.06837,4270000
0.07116,4130000
0.07408,3820000
0.08047,2490000
0.08564,2310000
0.08915,2210000
0.09212,2120000
0.09555,2010000
0.1004,1470000
0.11033,820000
0.17043,470000
0.22039,620000
0.27043,690000
0.311,700000
