Position,Static Pressure
0.04038,6000000
0.06034,5870000
0.06837,5560000
0.07116,5310000
0.07408,4700000
0.08047,2120000
0.08564,1860000
0.08915,1920000
0.09212,1440000
0.09555,1000000
0.1004,700000
0.11033,710000
0.17043,540000
0.22039,700000
0.27043,790000
0.311,800000
