Position,Static Pressure
0.04038,5100000
0.06034,5010000
0.06837,4810000
0.07116,4630000
0.07408,4230000
0.08047,2520000
0.08564,2340000
0.08915,2220000
0.09212,1900000
0.09555,1890000
0.1004,1540000
0.11033,890000
0.17043,300000
0.22039,390000
0.27043,460000
0.311,500000
