Position,Static Pressure
0.04038,5640000
0.06034,5490000
0.06837,5150000
0.07116,4850000
0.07408,4190000
0.08047,1380000
0.08564,1110000
0.08915,1210000
0.09212,960000
0.09555,750000
0.1004,550000
0.11033,340000
0.17043,180000
0.22039,340000
0.27043,340000
0.311,370000
