Position,Static Pressure
0.04038,6550000
0.06034,6340000
0.06837,5870000
0.07116,5450000
0.07408,4540000
0.08047,740000
0.08564,420000
0.08915,470000
0.09212,400000
0.09555,350000
0.1004,300000
0.11033,200000
0.17043,330000
0.22039,420000
0.27043,550000
0.311,610000
