Position,Static Pressure
0.04038,5950000
0.06034,5850000
0.06837,5630000
0.07116,5440000
0.07408,5000000
0.08047,3020000
0.08564,2810000
0.08915,2790000
0.09212,2590000
0.09555,2300000
0.1004,1660000
0.11033,930000
0.17043,510000
0.22039,730000
0.27043,810000
0.311,830000
