Position,Static Pressure
0.04038,3890000
0.06034,3800000
0.06837,3600000
0.07116,3420000
0.07408,3030000
0.08047,1400000
0.08564,1250000
0.08915,1290000
0.09212,980000
0.09555,730000
0.1004,520000
0.11033,330000
0.17043,500000
0.22039,590000
0.27043,640000
0.311,650000
