Position,Static Pressure
0.04038,5320000
0.06034,5150000
0.06837,4780000
0.07116,4450000
0.07408,3710000
0.08047,680000
0.08564,440000
0.08915,490000
0.09212,420000
0.09555,370000
0.11033,220000
0.17043,460000
0.22039,710000
0.27043,770000
0.311,770000
