Position,Static Pressure
0.04038,6560000
0.06034,6440000
0.06837,6170000
0.07116,5940000
0.07408,5400000
0.08047,3000000
0.08564,2740000
0.08915,2750000
0.09212,2460000
0.09555,2300000
0.1004,1700000
0.11033,990000
0.17043,270000
0.22039,430000
0.27043,540000
0.311,580000
