Position,Static Pressure
0.04038,5600000
0.06034,5490000
0.06837,5250000
0.07116,5040000
0.07408,4570000
0.08047,2540000
0.08564,2330000
0.08915,2300000
0.09212,1780000
0.09555,1810000
0.1004,1600000
0.11033,930000
0.17043,310000
0.22039,420000
0.27043,500000
0.311,540000
