Position,Static Pressure
0.04038,4710000
0.06034,4650000
0.06837,4550000
0.07116,4450000
0.07408,4230000
0.08047,3240000
0.08564,3140000
0.08915,3140000
0.09212,2810000
0.09555,1890000
0.1004,1280000
0.11033,640000
0.17043,170000
0.22039,290000
0.27043,360000
0.311,390000
