Position,Static Pressure
0.04038,1100000
0.06034,1090000
0.06837,1030000
0.07116,1000000
0.07408,900000
0.08047,510000
0.08564,480000
0.08915,480000
0.09212,370000
0.09555,300000
0.1004,230000
0.11033,210000
0.17043,250000
0.22039,250000
0.27043,260000
0.311,260000
