Position,Static Pressure
0.04038,5960000
0.06034,5840000
0.06837,5570000
0.07116,5330000
0.07408,4800000
0.08047,2490000
0.08564,2260000
0.08915,2280000
0.09212,1650000
0.09555,1670000
0.1004,1580000
0.11033,950000
0.17043,550000
0.22039,730000
0.27043,830000
0.311,840000
,
