Position,Static Pressure
0.04038,5410000
0.06034,5270000
0.06837,4950000
0.07116,4670000
0.07408,4040000
0.08047,1400000
0.08564,1150000
0.08915,1240000
0.09212,990000
0.09555,760000
0.1004,560000
0.11033,350000
0.17043,370000
0.22039,470000
0.27043,540000
0.311,560000
