Position,Static Pressure
0.04038,6300000
0.06034,6170000
0.06837,5880000
0.07116,5620000
0.07408,5050000
0.08047,2540000
0.08564,2280000
0.08915,2310000
0.09212,1680000
0.09555,1670000
0.1004,1580000
0.11033,980000
0.17043,550000
0.22039,760000
0.27043,860000
0.311,880000

,
