Position,Static Pressure
0.04038,4910000
0.06034,4830000
0.06837,4640000
0.07116,4470000
0.07408,4100000
0.08047,2500000
0.08564,2310000
0.08915,2170000
0.09212,1930000
0.09555,1900000
0.1004,1520000
0.11033,880000
0.17043,290000
0.22039,380000
0.27043,450000
0.311,490000
