Position,Static Pressure
0.04038,3180000
0.06034,3120000
0.06837,2970000
0.07116,2840000
0.07408,2540000
0.08047,1350000
0.08564,1240000
0.08915,1230000
0.09212,910000
0.09555,670000
0.1004,480000
0.11033,320000
0.17043,650000
0.22039,730000
0.27043,760000
0.311,760000
