Position,Static Pressure
0.04038,2440000
0.06034,2380000
0.06837,2230000
0.07116,2090000
0.07408,1790000
0.08047,560000
0.08564,460000
0.08915,510000
0.09212,420000
0.09555,360000
0.1004,290000
0.11033,350000
0.17043,630000
0.22039,840000
0.27043,850000
0.311,850000
