Position,Static Pressure
0.04038,3780000
0.06034,3710000
0.06837,3570000
0.07116,3440000
0.07408,3150000
0.08047,1920000
0.08564,1720000
0.08915,1540000
0.09212,1250000
0.09555,1290000
0.1004,1250000
0.11033,850000
0.17043,550000
0.22039,670000
0.27043,720000
0.311,730000
