Position,Static Pressure
0.04038,5470000
0.06034,5350000
0.06837,5080000
0.07116,4850000
0.07408,4330000
0.08047,2100000
0.08564,1870000
0.08915,1910000
0.09212,1390000
0.09555,960000
0.1004,760000
0.11033,740000
0.17043,350000
0.22039,450000
0.27043,520000
0.311,560000
