Position,Static Pressure
0.04038,3930000
0.06034,3900000
0.06837,3840000
0.07116,3790000
0.07408,3670000
0.08047,2790000
0.08564,2600000
0.08915,2460000
0.09212,1810000
0.09555,1170000
0.1004,750000
0.11033,360000
0.17043,90000
0.22039,190000
0.27043,240000
0.311,260000
