Position,Static Pressure
0.04038,3390000
0.06034,3360000
0.06837,3300000
0.07116,3250000
0.07408,3130000
0.08047,2640000
0.08564,2580000
0.08915,2580000
0.09212,2220000
0.09555,1420000
0.1004,940000
0.11033,470000
0.17043,170000
0.22039,230000
0.27043,270000
0.311,290000
