Position,Static Pressure
0.04038,2640000
0.06034,2600000
0.06837,2500000
0.07116,2400000
0.07408,2200000
0.08047,1300000
0.08564,1230000
0.08915,1130000
0.09212,800000
0.09555,560000
0.1004,400000
0.11033,270000
0.17043,440000
0.22039,480000
0.27043,510000
0.311,510000
