Position,Static Pressure
0.04038,4380000
0.06034,4340000
0.06837,4260000
0.07116,4190000
0.07408,4040000
0.08047,3330000
0.08564,3260000
0.08915,3230000
0.09212,2260000
0.09555,1570000
0.1004,1040000
0.11033,510000
0.17043,720000
0.22039,850000
0.27043,860000
0.311,870000
