Position,Static Pressure
0.04038,4640000
0.06034,4590000
0.06837,4490000
0.07116,4390000
0.07408,4180000
0.08047,3240000
0.08564,3130000
0.08915,3140000
0.09212,2780000
0.09555,1850000
0.1004,1270000
0.11033,630000
0.17043,300000
0.22039,450000
0.27043,510000
0.311,530000
