Position,Static Pressure
0.04038,1610000
0.06034,1600000
0.06837,1540000
0.07116,1490000
0.07408,1380000
0.08047,850000
0.08564,780000
0.08915,710000
0.09212,520000
0.09555,420000
0.1004,330000
0.11033,260000
0.17043,240000
0.22039,270000
0.27043,280000
0.311,290000
