Position,Static Pressure
0.04038,2670000
0.06034,2630000
0.06837,2520000
0.07116,2430000
0.07408,2210000
0.08047,1350000
0.08564,1240000
0.08915,1150000
0.09212,820000
0.09555,580000
0.1004,410000
0.11033,270000
0.17043,400000
0.22039,450000
0.27043,470000
0.311,480000
