Position,Static Pressure
0.04038,6420000
0.06034,6250000
0.06837,5850000
0.07116,5500000
0.07408,4720000
0.08047,1450000
0.08564,1120000
0.08915,1220000
0.09212,980000
0.09555,770000
0.1004,580000
0.11033,370000
0.17043,380000
0.22039,490000
0.27043,580000
0.311,610000
