Position,Static Pressure
0.04038,590000
0.06034,590000
0.06837,570000
0.07116,560000
0.07408,530000
0.08047,400000
0.08564,350000
0.08915,330000
0.09212,260000
0.09555,230000
0.1004,220000
0.11033,240000
0.17043,240000
0.22039,240000
0.27043,250000
0.311,250000
