Position,Static Pressure
0.04038,6790000
0.06034,6660000
0.06837,6370000
0.07116,6130000
0.07408,5560000
0.08047,3020000
0.08564,2730000
0.08915,2750000
0.09212,2430000
0.09555,2290000
0.1004,1710000
0.11033,1010000
0.17043,510000
0.22039,760000
0.27043,860000
0.311,870000
