Position,Static Pressure
0.04038,4310000
0.06034,4270000
0.06837,4200000
0.07116,4130000
0.07408,3980000
0.08047,3300000
0.08564,3040000
0.08915,2820000
0.09212,2200000
0.09555,1510000
0.1004,1000000
0.11033,490000
0.17043,350000
0.22039,490000
0.27043,540000
0.311,540000
