Position,Static Pressure
0.04038,4820000
0.06034,4740000
0.06837,4550000
0.07116,4390000
0.07408,4020000
0.08047,2460000
0.08564,2270000
0.08915,2120000
0.09212,1900000
0.09555,1880000
0.1004,1520000
0.11033,870000
0.17043,290000
0.22039,380000
0.27043,450000
0.311,480000
