Position,Static Pressure
0.04038,3750000
0.06034,3710000
0.06837,3610000
0.07116,3530000
0.07408,3340000
0.08047,2520000
0.08564,2410000
0.08915,2390000
0.09212,2320000
0.09555,1860000
0.1004,1250000
0.11033,650000
0.17043,220000
0.22039,290000
0.27043,340000
0.311,370000
