Position,Static Pressure
0.04038,4720000
0.06034,4640000
0.06837,4470000
0.07116,4310000
0.07408,3960000
0.08047,2470000
0.08564,2280000
0.08915,2140000
0.09212,1980000
0.09555,1930000
0.1004,1500000
0.11033,860000
0.17043,450000
0.22039,600000
0.27043,680000
0.311,690000
