Position,Static Pressure
0.04038,3060000
0.06034,3000000
0.06837,2860000
0.07116,2740000
0.07408,2460000
0.08047,1330000
0.08564,1220000
0.08915,1220000
0.09212,890000
0.09555,650000
0.1004,460000
0.11033,300000
0.17043,530000
0.22039,600000
0.27043,630000
0.311,640000
