Position,Static Pressure
0.04038,3440000
0.06034,3390000
0.06837,3250000
0.07116,3140000
0.07408,2880000
0.08047,1750000
0.08564,1560000
0.08915,1410000
0.09212,1220000
0.09555,1260000
0.1004,1230000
0.11033,830000
0.17043,620000
0.22039,730000
0.27043,770000
0.311,780000
