Position,Static Pressure
0.04038,3590000
0.06034,3540000
0.06837,3400000
0.07116,3290000
0.07408,3010000
0.08047,1830000
0.08564,1640000
0.08915,1470000
0.09212,1110000
0.09555,1180000
0.1004,1160000
0.11033,850000
0.17043,300000
0.22039,360000
0.27043,400000
0.311,420000
