Position,Static Pressure
0.04038,6600000
0.06034,6420000
0.06837,6010000
0.07116,5640000
0.07408,4840000
0.08047,1420000
0.08564,1090000
0.08915,1200000
0.09212,970000
0.09555,750000
0.1004,560000
0.11033,350000
0.17043,190000
0.22039,300000
0.27043,360000
0.311,400000
