Position,Static Pressure
0.04038,4240000
0.06034,4210000
0.06837,4140000
0.07116,4070000
0.07408,3930000
0.08047,3150000
0.08564,2860000
0.08915,2760000
0.09212,2150000
0.09555,1470000
0.1004,960000
0.11033,470000
0.17043,390000
0.22039,530000
0.27043,570000
0.311,580000
