Position,Static Pressure
0.04038,4400000
0.06034,4370000
0.06837,4280000
0.07116,4210000
0.07408,4050000
0.08047,3320000
0.08564,3240000
0.08915,3250000
0.09212,2330000
0.09555,1610000
0.1004,1070000
0.11033,530000
0.17043,130000
0.22039,240000
0.27043,310000
0.311,330000
