Position,Static Pressure
0.04038,4180000
0.06034,4150000
0.06837,4080000
0.07116,4020000
0.07408,3890000
0.08047,3020000
0.08564,2740000
0.08915,2610000
0.09212,2010000
0.09555,1370000
0.1004,890000
0.11033,440000
0.17043,420000
0.22039,560000
0.27043,590000
0.311,590000
