Position,Static Pressure
0.04038,2500000
0.06034,2470000
0.06837,2360000
0.07116,2280000
0.07408,2080000
0.08047,1280000
0.08564,1170000
0.08915,1080000
0.09212,770000
0.09555,540000
0.1004,390000
0.11033,260000
0.17043,280000
0.22039,340000
0.27043,360000
0.311,360000
