Position,Static Pressure
0.04038,3360000
0.06034,3270000
0.06837,3040000
0.07116,2850000
0.07408,2410000
0.08047,610000
0.08564,460000
0.08915,510000
0.09212,430000
0.09555,370000
0.1004,300000
0.11033,210000
0.17043,520000
0.22039,700000
0.27043,710000
0.311,720000
