Position,Static Pressure
0.04038,4080000
0.06034,3970000
0.06837,3680000
0.07116,3440000
0.07408,2880000
0.08047,630000
0.08564,440000
0.08915,500000
0.09212,420000
0.09555,370000
0.11033,220000
0.17043,340000
0.22039,430000
0.27043,510000
0.311,530000
