Position,Static Pressure
0.04038,2820000
0.06034,2750000
0.06837,2570000
0.07116,2400000
0.07408,2040000
0.08047,580000
0.08564,450000
0.08915,500000
0.09212,420000
0.09555,360000
0.1004,290000
0.11033,200000
0.17043,430000
0.22039,550000
0.27043,580000
0.311,580000
