Position,Static Pressure
0.04038,5820000
0.06034,5710000
0.06837,5450000
0.07116,5220000
0.07408,4710000
0.08047,2510000
0.08564,2290000
0.08915,2290000
0.09212,1670000
0.09555,1700000
0.1004,1590000
0.11033,950000
0.17043,510000
0.22039,680000
0.27043,770000
0.311,790000
