Position,Static Pressure
0.04038,2620000
0.06034,2590000
0.06837,2520000
0.07116,2460000
0.07408,2310000
0.08047,1680000
0.08564,1630000
0.08915,1600000
0.09212,1570000
0.09555,1560000
0.1004,1290000
0.11033,620000
0.17043,310000
0.22039,370000
0.27043,410000
0.311,430000
