Position,Static Pressure
0.04038,6640000
0.06034,6500000
0.06837,6180000
0.07116,5900000
0.07408,5270000
0.08047,2530000
0.08564,2250000
0.08915,2290000
0.09212,1670000
0.09555,1580000
0.1004,1540000
0.11033,990000
0.17043,550000
0.22039,750000
0.27043,850000
0.311,860000
