Position,Static Pressure
0.04038,1290000
0.06034,1270000
0.06837,1200000
0.07116,1150000
0.07408,1020000
0.08047,510000
0.08564,470000
0.08915,490000
0.09212,390000
0.09555,320000
0.1004,250000
0.11033,240000
0.17043,300000
0.22039,310000
0.27043,320000
0.311,330000
