Position,Static Pressure
0.04038,1410000
0.06034,1390000
0.06837,1310000
0.07116,1250000
0.07408,1100000
0.08047,530000
0.08564,480000
0.08915,490000
0.09212,400000
0.09555,330000
0.1004,300000
0.11033,380000
0.17043,500000
0.22039,540000
0.27043,550000
0.311,550000
