Position,Static Pressure
0.04038,5170000
0.06034,5090000
0.06837,4950000
0.07116,4810000
0.07408,4500000
0.08047,3170000
0.08564,3020000
0.08915,3020000
0.09212,2830000
0.09555,2110000
0.1004,1480000
0.11033,770000
0.17043,200000
0.22039,330000
0.27043,420000
0.311,440000
