Position,Static Pressure
0.04038,5850000
0.06034,5750000
0.06837,5550000
0.07116,5360000
0.07408,4940000
0.08047,3080000
0.08564,2880000
0.08915,2870000
0.09212,2680000
0.09555,2300000
0.1004,1650000
0.11033,910000
0.17043,660000
0.22039,890000
0.27043,940000
0.311,950000
