Position,Static Pressure
0.04038,2150000
0.06034,2130000
0.06837,2040000
0.07116,1960000
0.07408,1790000
0.08047,1060000
0.08564,970000
0.08915,870000
0.09212,620000
0.09555,450000
0.1004,350000
0.11033,400000
0.17043,550000
0.22039,580000
0.27043,610000
0.311,610000
