Position,Static Pressure
0.04038,890000
0.06034,880000
0.06837,850000
0.07116,820000
0.07408,760000
0.08047,490000
0.08564,470000
0.08915,440000
0.09212,340000
0.09555,290000
0.1004,310000
0.11033,320000
0.17043,340000
0.22039,360000
0.27043,370000
0.311,370000
