Position,Static Pressure
0.04038,3660000
0.06034,3580000
0.06837,3400000
0.07116,3230000
0.07408,2880000
0.08047,1390000
0.08564,1250000
0.08915,1280000
0.09212,960000
0.09555,710000
0.1004,510000
0.11033,320000
0.17043,710000
0.22039,810000
0.27043,840000
0.311,840000
