Position,Static Pressure
0.04038,1990000
0.06034,1960000
0.06837,1880000
0.07116,1820000
0.07408,1660000
0.08047,990000
0.08564,910000
0.08915,840000
0.09212,610000
0.09555,460000
0.1004,350000
0.11033,300000
0.17043,480000
0.22039,490000
0.27043,510000
0.311,520000
