Position,Static Pressure
0.04038,2800000
0.06034,2760000
0.06837,2680000
0.07116,2600000
0.07408,2430000
0.08047,1690000
0.08564,1610000
0.08915,1560000
0.09212,1520000
0.09555,1520000
0.1004,1340000
0.11033,690000
0.17043,240000
0.22039,290000
0.27043,320000
0.311,340000
