Position,Static Pressure
0.04038,4720000
0.06034,4640000
0.06837,4430000
0.07116,4250000
0.07408,3840000
0.08047,2090000
0.08564,1920000
0.08915,1900000
0.09212,1320000
0.09555,920000
0.1004,970000
0.11033,860000
0.17043,580000
0.22039,730000
0.27043,790000
0.311,800000
