Position,Static Pressure
0.04038,3470000
0.06034,3400000
0.06837,3230000
0.07116,3080000
0.07408,2740000
0.08047,1350000
0.08564,1230000
0.08915,1260000
0.09212,930000
0.09555,680000
0.1004,480000
0.11033,300000
0.17043,550000
0.22039,620000
0.27043,660000
0.311,670000
