Position,Static Pressure
0.04038,3760000
0.06034,3740000
0.06837,3680000
0.07116,3630000
0.07408,3500000
0.08047,2620000
0.08564,2440000
0.08915,2310000
0.09212,1700000
0.09555,1110000
0.1004,720000
0.11033,340000
0.17043,70000
0.22039,160000
0.27043,210000
0.311,230000
