Position,Static Pressure
0.04038,4110000
0.06034,4080000
0.06837,4020000
0.07116,3960000
0.07408,3830000
0.08047,2940000
0.08564,2690000
0.08915,2560000
0.09212,1960000
0.09555,1330000
0.1004,870000
0.11033,420000
0.17043,110000
0.22039,210000
0.27043,260000
0.311,280000
