Position,Static Pressure
0.04038,6210000
0.06034,6070000
0.06837,5740000
0.07116,5460000
0.07408,4810000
0.08047,2060000
0.08564,1780000
0.08915,1850000
0.09212,1410000
0.09555,990000
0.1004,680000
0.11033,540000
0.17043,370000
0.22039,480000
0.27043,560000
0.311,610000
