Position,Static Pressure
0.04038,3350000
0.06034,3280000
0.06837,3120000
0.07116,2980000
0.07408,2670000
0.08047,1380000
0.08564,1270000
0.08915,1270000
0.09212,940000
0.09555,690000
0.1004,490000
0.11033,350000
0.17043,820000
0.22039,910000
0.27043,930000
0.311,930000
