Position,Static Pressure
0.04038,2930000
0.06034,2890000
0.06837,2790000
0.07116,2700000
0.07408,2500000
0.08047,1620000
0.08564,1520000
0.08915,1450000
0.09212,1390000
0.09555,1400000
0.1004,1320000
0.11033,760000
0.17043,260000
0.22039,310000
0.27043,340000
0.311,370000
