Position,Static Pressure
0.04038,5600000
0.06034,5510000
0.06837,5320000
0.07116,5150000
0.07408,4760000
0.08047,3040000
0.08564,2850000
0.08915,2830000
0.09212,2660000
0.09555,2260000
0.1004,1610000
0.11033,880000
0.17043,240000
0.22039,370000
0.27043,460000
0.311,500000
